code	f0	f1	f2	f3	f4	f5	f6	f7	f8	f9	f10	f11	f12	f13	f14	f15	f16	f17	f18	f19	f20	f21	f22	f23	f24	f25	f26	f27	f28	f29	f30	f31	f32	f33	f34	f35	f36	f37	f38	f39	f40	f41	f42	f43	f44	f45	name
0	0	0	0	0	0	0	0	0	0	0	0	0	1	0	0	0	119	65535	65535	65535	65535	65535	65535	1	0	0	0	0	0	0	0	0	0	0	0	1	0	0	0	357	65535	65535	65535	65535	65535	65535	strength
1	2	0	0	0	0	0	0	0	0	0	0	0	1	0	0	0	501	65535	65535	65535	65535	65535	65535	3	0	0	0	0	0	0	0	0	0	0	0	14	0	0	0	194	65535	65535	65535	65535	65535	65535	energy
2	4	0	0	0	0	0	0	0	0	0	0	0	1	0	0	0	443	65535	65535	65535	65535	65535	65535	5	0	0	0	0	0	0	0	0	0	0	0	1	0	0	0	497	65535	65535	65535	65535	65535	65535	dexterity
3	6	0	0	0	0	0	0	0	0	0	0	0	4353	0	0	0	498	496	65535	65535	65535	65535	65535	7	0	0	0	0	0	0	0	0	0	0	0	1	0	0	0	496	65535	65535	65535	65535	65535	65535	vitality
4	8	0	0	0	0	0	0	0	0	0	0	0	1	0	0	0	466	65535	65535	65535	65535	65535	65535	9	0	0	0	0	0	0	0	0	0	0	0	1	0	0	0	226	65535	65535	65535	65535	65535	65535	statpts
5	10	0	0	0	0	0	0	0	0	0	0	0	1	0	0	0	270	65535	65535	65535	65535	65535	65535	11	0	0	0	0	0	0	0	0	0	0	0	17	0	0	0	483	65535	65535	65535	65535	65535	65535	newskills
6	12	0	0	0	0	0	0	0	0	0	0	0	17	0	0	0	482	65535	65535	65535	65535	65535	65535	13	0	0	0	0	0	0	0	0	0	0	0	1	0	0	0	508	65535	65535	65535	65535	65535	65535	hitpoints
7	14	0	0	0	0	0	0	0	0	0	0	0	11	0	0	0	198	65535	65535	65535	65535	65535	65535	15	0	0	0	0	0	0	0	0	0	0	0	8	0	0	0	93	65535	65535	65535	65535	65535	65535	maxhp
8	16	0	0	0	0	0	0	0	0	0	0	0	11	0	0	0	195	65535	65535	65535	65535	65535	65535	17	0	0	0	0	0	0	0	0	0	0	0	1	0	0	0	36	65535	65535	65535	65535	65535	65535	mana
9	18	0	0	0	0	0	0	0	0	0	0	0	8	0	0	0	105	65535	65535	65535	65535	65535	65535	19	0	0	0	0	0	0	0	0	0	0	0	24	0	0	0	98	65535	65535	65535	65535	65535	65535	maxmana
10	20	0	0	0	0	0	0	0	0	0	0	0	11	0	0	0	196	65535	65535	65535	65535	65535	65535	21	0	0	0	0	0	0	0	0	0	0	0	1	0	0	0	136	65535	65535	65535	65535	65535	65535	stamina
11	22	0	0	0	0	0	0	0	0	0	0	0	11	0	0	0	197	65535	65535	65535	65535	65535	65535	23	0	0	0	0	0	0	0	0	0	0	0	24	0	0	0	155	65535	65535	65535	65535	65535	65535	maxstamina
12	24	0	0	0	0	0	0	0	0	0	0	0	1	0	0	0	329	65535	65535	65535	65535	65535	65535	25	0	0	0	0	0	0	0	0	0	0	0	1	0	0	0	333	65535	65535	65535	65535	65535	65535	level
13	26	0	0	0	0	0	0	0	0	0	0	0	1	0	0	0	336	65535	65535	65535	65535	65535	65535	27	0	0	0	0	0	0	0	0	0	0	0	1	0	0	0	332	65535	65535	65535	65535	65535	65535	experience
14	28	0	0	0	0	0	0	0	0	0	0	0	1	0	0	0	335	65535	65535	65535	65535	65535	65535	29	0	0	0	0	0	0	0	0	0	0	0	22	0	0	0	151	65535	65535	65535	65535	65535	65535	gold
15	30	0	0	0	0	0	0	0	0	0	0	0	1	0	0	0	334	65535	65535	65535	65535	65535	65535	31	0	0	0	0	0	0	0	0	0	0	0	1	0	0	0	150	65535	65535	65535	65535	65535	65535	goldbank
16	32	0	0	0	0	0	0	0	0	0	0	0	1	0	0	0	86	65535	65535	65535	65535	65535	65535	33	0	0	0	0	0	0	0	0	0	0	0	17	0	0	0	181	65535	65535	65535	65535	65535	65535	item_armor_percent
17	34	0	0	0	0	0	0	0	0	0	0	0	12	0	0	0	155	65535	65535	65535	65535	65535	65535	35	0	0	0	0	0	0	0	0	0	0	0	1	0	0	0	66	65535	65535	65535	65535	65535	65535	item_maxdamage_percent
18	36	0	0	0	0	0	0	0	0	0	0	0	11	0	0	0	282	65535	65535	65535	65535	65535	65535	37	0	0	0	0	0	0	0	0	0	0	0	1	0	0	0	110	65535	65535	65535	65535	65535	65535	item_mindamage_percent
19	38	0	0	0	0	0	0	0	0	0	0	0	1	0	0	0	210	65535	65535	65535	65535	65535	65535	39	0	0	0	0	0	0	0	0	0	0	0	769	771	0	0	333	334	335	336	65535	65535	65535	tohit
20	40	0	0	0	0	0	0	0	0	0	0	0	769	3	0	0	338	339	340	65535	65535	65535	65535	41	0	0	0	0	0	0	0	0	0	0	0	1	0	0	0	115	65535	65535	65535	65535	65535	65535	toblock
21	42	0	0	0	0	0	0	0	0	0	0	0	1	0	0	0	431	65535	65535	65535	65535	65535	65535	43	0	0	0	0	0	0	0	0	0	0	0	1	0	0	0	364	65535	65535	65535	65535	65535	65535	mindamage
22	44	0	0	0	0	0	0	0	0	0	0	0	8	0	0	0	96	65535	65535	65535	65535	65535	65535	45	0	0	0	0	0	0	0	0	0	0	0	1	0	0	0	112	65535	65535	65535	65535	65535	65535	maxdamage
23	46	0	0	0	0	0	0	0	0	0	0	0	1	0	0	0	142	65535	65535	65535	65535	65535	65535	47	0	0	0	0	0	0	0	0	0	0	0	11	0	0	0	292	65535	65535	65535	65535	65535	65535	secondary_mindamage
24	48	0	0	0	0	0	0	0	0	0	0	0	1	0	0	0	32	65535	65535	65535	65535	65535	65535	49	0	0	0	0	0	0	0	0	0	0	0	769	3	0	0	333	334	335	65535	65535	65535	65535	secondary_maxdamage
25	50	0	0	0	0	0	0	0	0	0	0	0	1	0	0	0	148	65535	65535	65535	65535	65535	65535	51	0	0	0	0	0	0	0	0	0	0	0	769	3	0	0	142	144	148	65535	65535	65535	65535	damagepercent
26	52	0	0	0	0	0	0	0	0	0	0	0	1	0	0	0	144	65535	65535	65535	65535	65535	65535	53	0	0	0	0	0	0	0	0	0	0	0	4111	4111	4111	17	48	49	50	51	54	55	56	manarecovery
27	54	0	0	0	0	0	0	0	0	0	0	0	1	0	0	0	143	65535	65535	65535	65535	65535	65535	55	0	0	0	0	0	0	0	0	0	0	0	1	0	0	0	145	65535	65535	65535	65535	65535	65535	manarecoverybonus
28	56	0	0	0	0	0	0	0	0	0	0	0	1	0	0	0	149	65535	65535	65535	65535	65535	65535	57	0	0	0	0	0	0	0	0	0	0	0	1	0	0	0	81	65535	65535	65535	65535	65535	65535	staminarecoverybonus
29	58	0	0	0	0	0	0	0	0	0	0	0	1	0	0	0	113	65535	65535	65535	65535	65535	65535	59	0	0	0	0	0	0	0	0	0	0	0	1	0	0	0	134	65535	65535	65535	65535	65535	65535	
30	60	0	0	0	0	0	0	0	0	0	0	0	1	0	0	0	147	65535	65535	65535	65535	65535	65535	61	0	0	0	0	0	0	0	0	0	0	0	1	0	0	0	146	65535	65535	65535	65535	65535	65535	
31	62	0	0	0	0	0	0	0	0	0	0	0	769	771	0	0	153	99	93	105	65535	65535	65535	63	0	0	0	0	0	0	0	0	0	0	0	24	0	0	0	417	65535	65535	65535	65535	65535	65535	armorclass
32	64	0	0	0	0	0	0	0	0	0	0	0	1	0	0	0	189	65535	65535	65535	65535	65535	65535	65	0	0	0	0	0	0	0	0	0	0	0	769	771	0	0	338	339	340	110	65535	65535	65535	armorclass_vs_missile
33	66	0	0	0	0	0	0	0	0	0	0	0	1	0	0	0	135	65535	65535	65535	65535	65535	65535	67	0	0	0	0	0	0	0	0	0	0	0	3855	4111	0	0	142	144	148	110	65535	65535	65535	armorclass_vs_hth
34	68	0	0	0	0	0	0	0	0	0	0	0	769	0	0	0	112	364	65535	65535	65535	65535	65535	69	0	0	0	0	0	0	0	0	0	0	0	4111	4112	0	0	265	338	339	340	65535	65535	65535	normal_damage_reduction
35	70	0	0	0	0	0	0	0	0	0	0	0	4111	0	0	0	93	96	65535	65535	65535	65535	65535	71	0	0	0	0	0	0	0	0	0	0	0	1	0	0	0	93	65535	65535	65535	65535	65535	65535	magic_damage_reduction
36	72	0	0	0	0	0	0	0	0	0	0	0	769	771	771	3	93	110	329	330	331	332	357	73	0	0	0	0	0	0	0	0	0	0	0	1	0	0	0	363	65535	65535	65535	65535	65535	65535	damageresist
37	74	0	0	0	0	0	0	0	0	0	0	0	1	0	0	0	219	65535	65535	65535	65535	65535	65535	75	0	0	0	0	0	0	0	0	0	0	0	7	0	0	0	65535	65535	65535	65535	65535	65535	65535	magicresist
38	76	0	0	0	0	0	0	0	0	0	0	0	2	0	0	0	16	65535	65535	65535	65535	65535	65535	77	0	0	0	0	0	0	0	0	0	0	0	6	0	0	0	65535	65535	65535	65535	65535	65535	65535	maxmagicresist
39	78	0	0	0	0	0	0	0	0	0	0	0	1	0	0	0	92	65535	65535	65535	65535	65535	65535	79	0	0	0	0	0	0	0	0	0	0	0	1	0	0	0	91	65535	65535	65535	65535	65535	65535	fireresist
40	80	0	0	0	0	0	0	0	0	0	0	0	1	0	0	0	0	65535	65535	65535	65535	65535	65535	81	0	0	0	0	0	0	0	0	0	0	0	4111	0	0	0	21	22	65535	65535	65535	65535	65535	maxfireresist
41	82	0	0	0	0	0	0	0	0	0	0	0	1	0	0	0	2	65535	65535	65535	65535	65535	65535	83	0	0	0	0	0	0	0	0	0	0	0	1	0	0	0	127	65535	65535	65535	65535	65535	65535	lightresist
42	84	0	0	0	0	0	0	0	0	0	0	0	1	0	0	0	359	65535	65535	65535	65535	65535	65535	85	0	0	0	0	0	0	0	0	0	0	0	1	0	0	0	372	65535	65535	65535	65535	65535	65535	maxlightresist
43	86	0	0	0	0	0	0	0	0	0	0	0	1	0	0	0	1	65535	65535	65535	65535	65535	65535	87	0	0	0	0	0	0	0	0	0	0	0	769	771	0	0	39	41	43	45	65535	65535	65535	coldresist
44	88	0	0	0	0	0	0	0	0	0	0	0	1	0	0	0	444	65535	65535	65535	65535	65535	65535	89	0	0	0	0	0	0	0	0	0	0	0	1	0	0	0	360	65535	65535	65535	65535	65535	65535	maxcoldresist
45	90	0	0	0	0	0	0	0	0	0	0	0	1	0	0	0	470	65535	65535	65535	65535	65535	65535	91	0	0	0	0	0	0	0	0	0	0	0	5	0	0	0	65535	65535	65535	65535	65535	65535	65535	poisonresist
46	92	0	0	0	0	0	0	0	0	0	0	0	1	0	0	0	485	65535	65535	65535	65535	65535	65535	93	0	0	0	0	0	0	0	0	0	0	0	1	0	0	0	74	65535	65535	65535	65535	65535	65535	maxpoisonresist
47	94	0	0	0	0	0	0	0	0	0	0	0	1	0	0	0	3	65535	65535	65535	65535	65535	65535	95	0	0	0	0	0	0	0	0	0	0	0	1	0	0	0	31	65535	65535	65535	65535	65535	65535	
48	96	0	0	0	0	0	0	0	0	0	0	0	1	0	0	0	331	65535	65535	65535	65535	65535	65535	97	0	0	0	0	0	0	0	0	0	0	0	1	0	0	0	330	65535	65535	65535	65535	65535	65535	firemindam
49	98	0	0	0	0	0	0	0	0	0	0	0	1	0	0	0	171	65535	65535	65535	65535	65535	65535	99	0	0	0	0	0	0	0	0	0	0	0	4111	17	0	0	54	55	56	65535	65535	65535	65535	firemaxdam
50	100	0	0	0	0	0	0	0	0	0	0	0	4111	0	0	0	48	49	65535	65535	65535	65535	65535	101	0	0	0	0	0	0	0	0	0	0	0	1	0	0	0	361	65535	65535	65535	65535	65535	65535	lightmindam
51	102	0	0	0	0	0	0	0	0	0	0	0	1	0	0	0	39	65535	65535	65535	65535	65535	65535	103	0	0	0	0	0	0	0	0	0	0	0	1	0	0	0	80	65535	65535	65535	65535	65535	65535	lightmaxdam
52	104	0	0	0	0	0	0	0	0	0	0	0	4111	0	0	0	50	51	65535	65535	65535	65535	65535	105	0	0	0	0	0	0	0	0	0	0	0	1	0	0	0	60	65535	65535	65535	65535	65535	65535	magicmindam
53	106	0	0	0	0	0	0	0	0	0	0	0	1	0	0	0	79	65535	65535	65535	65535	65535	65535	107	0	0	0	0	0	0	0	0	0	0	0	1	0	0	0	7	65535	65535	65535	65535	65535	65535	magicmaxdam
54	108	0	0	0	0	0	0	0	0	0	0	0	1	0	0	0	362	65535	65535	65535	65535	65535	65535	109	0	0	0	0	0	0	0	0	0	0	0	1	0	0	0	487	65535	65535	65535	65535	65535	65535	coldmindam
55	110	0	0	0	0	2	0	0	0	0	0	0	21	0	0	0	83	65535	65535	65535	65535	65535	65535	111	0	0	0	0	0	0	0	0	0	0	0	1	0	0	0	27	65535	65535	65535	65535	65535	65535	coldmaxdam
56	112	0	0	0	0	0	0	0	0	0	0	0	8	0	0	0	99	65535	65535	65535	65535	65535	65535	113	0	0	0	0	0	0	0	0	0	0	0	1	0	0	0	43	65535	65535	65535	65535	65535	65535	coldlength
57	114	0	0	0	0	5	0	0	0	0	0	0	21	0	0	0	83	65535	65535	65535	65535	65535	65535	115	0	0	0	0	0	0	0	0	0	0	0	769	771	0	0	0	1	2	3	65535	65535	65535	poisonmindam
58	116	0	0	0	0	0	0	0	0	0	0	0	1	0	0	0	45	65535	65535	65535	65535	65535	65535	117	0	0	0	0	0	0	0	0	0	0	0	769	771	3	0	329	330	331	332	357	65535	65535	poisonmaxdam
59	118	0	0	0	0	0	0	0	0	0	0	0	1	0	0	0	41	65535	65535	65535	65535	65535	65535	119	0	0	0	0	1	0	0	0	0	0	0	21	0	0	0	83	65535	65535	65535	65535	65535	65535	poisonlength
60	120	0	0	0	0	0	0	0	0	0	0	0	1	0	0	0	89	65535	65535	65535	65535	65535	65535	121	0	0	0	0	3	0	0	0	0	0	0	21	0	0	0	83	65535	65535	65535	65535	65535	65535	lifedrainmindam
61	122	0	0	0	0	0	0	0	0	0	0	0	1	0	0	0	164	65535	65535	65535	65535	65535	65535	123	0	0	0	0	0	0	0	0	0	0	0	1	0	0	0	141	65535	65535	65535	65535	65535	65535	
62	124	0	0	0	0	0	0	0	0	0	0	0	1	0	0	0	9	65535	65535	65535	65535	65535	65535	125	0	0	0	0	0	0	0	0	0	0	0	1	0	0	0	500	65535	65535	65535	65535	65535	65535	manadrainmindam
63	126	0	0	0	0	4	0	0	0	0	0	0	21	0	0	0	83	65535	65535	65535	65535	65535	65535	127	0	0	0	0	6	0	0	0	0	0	0	21	0	0	0	83	65535	65535	65535	65535	65535	65535	
64	128	0	0	0	0	0	0	0	0	0	0	0	21	0	0	0	83	65535	65535	65535	65535	65535	65535	129	0	0	0	0	0	0	0	0	0	0	0	1	0	0	0	37	65535	65535	65535	65535	65535	65535	stamdrainmindam
65	130	0	0	0	0	0	0	0	0	0	0	0	1	0	0	0	20	65535	65535	65535	65535	65535	65535	131	0	0	0	0	0	0	0	0	0	0	0	1	0	0	0	25	65535	65535	65535	65535	65535	65535	
66	132	0	0	0	0	0	0	0	0	0	0	0	1	0	0	0	76	65535	65535	65535	65535	65535	65535	133	0	0	0	0	0	0	0	0	0	0	0	22	0	0	0	107	65535	65535	65535	65535	65535	65535	stunlength
67	134	0	0	0	0	0	0	0	0	0	0	0	1	0	0	0	85	65535	65535	65535	65535	65535	65535	135	0	0	0	0	0	0	0	0	0	0	0	1	0	0	0	77	65535	65535	65535	65535	65535	65535	velocitypercent
68	136	0	0	0	0	0	0	0	0	0	0	0	8	0	0	0	102	65535	65535	65535	65535	65535	65535	137	0	0	0	0	0	0	0	0	0	0	0	1	0	0	0	138	65535	65535	65535	65535	65535	65535	attackrate
69	138	0	0	0	0	0	0	0	0	0	0	0	1	0	0	0	34	65535	65535	65535	65535	65535	65535	139	0	0	0	0	0	0	0	0	0	0	0	1	0	0	0	122	65535	65535	65535	65535	65535	65535	
70	140	0	0	0	0	0	0	0	0	0	0	0	1	0	0	0	62	65535	65535	65535	65535	65535	65535	141	0	0	0	0	0	0	0	0	0	0	0	1	0	0	0	121	65535	65535	65535	65535	65535	65535	
71	142	0	0	0	0	0	0	0	0	0	0	0	4111	17	0	0	57	58	59	65535	65535	65535	65535	143	0	0	0	0	0	0	0	0	0	0	0	1	0	0	0	208	65535	65535	65535	65535	65535	65535	value
72	144	0	0	0	0	0	0	0	0	0	0	0	769	771	0	0	359	360	361	362	65535	65535	65535	145	0	0	0	0	0	0	0	0	0	0	0	4111	0	0	0	52	53	65535	65535	65535	65535	65535	durability
73	146	0	0	0	0	0	0	0	0	0	0	0	769	771	0	0	40	42	44	46	65535	65535	65535	147	0	0	0	0	0	0	0	0	0	0	0	19	0	0	0	204	65535	65535	65535	65535	65535	65535	maxdurability
74	148	0	0	0	0	0	0	0	0	0	0	0	11	0	0	0	201	65535	65535	65535	65535	65535	65535	149	0	0	0	0	0	0	0	0	0	0	0	1	0	0	0	55	65535	65535	65535	65535	65535	65535	hpregen
75	150	0	0	0	0	0	0	0	0	0	0	0	22	0	0	0	97	65535	65535	65535	65535	65535	65535	151	0	0	0	0	0	0	0	0	0	0	0	1	0	0	0	54	65535	65535	65535	65535	65535	65535	item_maxdurability_percent
76	152	0	0	0	0	0	0	0	0	0	0	0	1	0	0	0	409	65535	65535	65535	65535	65535	65535	153	0	0	0	0	0	0	0	0	0	0	0	1	0	0	0	49	65535	65535	65535	65535	65535	65535	item_maxhp_percent
77	154	0	0	0	0	0	0	0	0	0	0	0	1	0	0	0	56	65535	65535	65535	65535	65535	65535	155	0	0	0	0	0	0	0	0	0	0	0	1	0	0	0	48	65535	65535	65535	65535	65535	65535	item_maxmana_percent
78	156	0	0	0	0	0	0	0	0	0	0	0	24	0	0	0	385	65535	65535	65535	65535	65535	65535	157	0	0	0	0	0	0	0	0	0	0	0	24	0	0	0	375	65535	65535	65535	65535	65535	65535	item_attackertakesdamage
79	158	0	0	0	0	0	0	0	0	0	0	0	24	0	0	0	378	65535	65535	65535	65535	65535	65535	159	0	0	0	0	0	0	0	0	0	0	0	1	0	0	0	131	65535	65535	65535	65535	65535	65535	item_goldbonus
80	160	0	0	0	0	0	0	0	0	0	0	0	11	0	0	0	200	65535	65535	65535	65535	65535	65535	161	0	0	0	0	0	0	0	0	0	0	0	1	0	0	0	51	65535	65535	65535	65535	65535	65535	item_magicbonus
81	162	0	0	0	0	0	0	0	0	0	0	0	1	0	0	0	489	65535	65535	65535	65535	65535	65535	163	0	0	0	0	0	0	0	0	0	0	0	11	0	0	0	371	65535	65535	65535	65535	65535	65535	item_knockback
82	164	0	0	0	0	0	0	0	0	0	0	0	1	0	0	0	50	65535	65535	65535	65535	65535	65535	165	0	0	0	0	0	0	0	0	0	0	0	1	0	0	0	295	65535	65535	65535	65535	65535	65535	item_timeduration
83	166	0	0	0	0	0	0	0	0	0	0	0	1	0	0	0	40	65535	65535	65535	65535	65535	65535	167	0	0	0	0	0	0	0	0	0	0	0	17	0	0	0	218	65535	65535	65535	65535	65535	65535	item_addclassskills
84	168	0	0	0	0	0	0	0	0	0	0	0	1	0	0	0	488	65535	65535	65535	65535	65535	65535	169	0	0	0	0	0	0	0	0	0	0	0	1	0	0	0	209	65535	65535	65535	65535	65535	65535	
85	170	0	0	0	0	0	0	0	0	0	0	0	11	0	0	0	283	65535	65535	65535	65535	65535	65535	171	0	0	0	0	0	0	0	0	0	0	0	1	0	0	0	109	65535	65535	65535	65535	65535	65535	item_addexperience
86	172	0	0	0	0	0	0	0	0	0	0	0	1	0	0	0	380	65535	65535	65535	65535	65535	65535	173	0	0	0	0	0	0	0	0	0	0	0	11	0	0	0	260	65535	65535	65535	65535	65535	65535	item_healafterkill
87	174	0	0	0	0	0	0	0	0	0	0	0	11	0	0	0	277	65535	65535	65535	65535	65535	65535	175	0	0	0	0	0	0	0	0	0	0	0	1	0	0	0	44	65535	65535	65535	65535	65535	65535	item_reducedprices
88	176	0	0	0	0	0	0	0	0	0	0	0	769	771	0	0	99	102	105	93	65535	65535	65535	177	0	0	0	0	0	0	0	0	0	0	0	1	0	0	0	87	65535	65535	65535	65535	65535	65535	achievement_counts
89	178	0	0	0	0	0	0	0	0	0	0	0	24	0	0	0	383	65535	65535	65535	65535	65535	65535	179	0	0	0	0	0	0	0	0	0	0	0	1	0	0	0	120	65535	65535	65535	65535	65535	65535	item_lightradius
90	180	0	0	0	0	0	0	0	0	0	0	0	1	0	0	0	42	65535	65535	65535	65535	65535	65535	181	0	0	0	0	0	0	0	0	0	0	0	1	0	0	0	441	65535	65535	65535	65535	65535	65535	item_lightcolor
91	182	0	0	0	0	0	0	0	0	0	0	0	1	0	0	0	153	65535	65535	65535	65535	65535	65535	183	0	0	0	0	0	0	0	0	0	0	0	24	0	0	0	377	65535	65535	65535	65535	65535	65535	item_req_percent
92	184	0	0	0	0	0	0	0	0	0	0	0	1	0	0	0	387	65535	65535	65535	65535	65535	65535	185	0	0	0	0	0	0	0	0	0	0	0	1	0	0	0	485	65535	65535	65535	65535	65535	65535	item_levelreq
93	186	0	0	0	0	0	0	0	0	0	0	0	1	0	0	0	389	65535	65535	65535	65535	65535	65535	187	0	0	0	0	0	0	0	0	0	0	0	1	0	0	0	388	65535	65535	65535	65535	65535	65535	item_fasterattackrate
94	188	0	0	0	0	0	0	0	0	0	0	0	1	0	0	0	116	65535	65535	65535	65535	65535	65535	189	0	0	0	0	0	0	0	0	0	0	0	1	0	0	0	139	65535	65535	65535	65535	65535	65535	item_levelreqpct
95	190	0	0	0	0	0	0	0	0	0	0	0	769	0	0	0	105	93	65535	65535	65535	65535	65535	191	0	0	0	0	0	0	0	0	0	0	0	1	0	0	0	261	65535	65535	65535	65535	65535	65535	
96	192	0	0	0	0	0	0	0	0	0	0	0	769	0	0	0	76	77	65535	65535	65535	65535	65535	193	0	0	0	0	0	0	0	0	0	0	0	1	0	0	0	35	65535	65535	65535	65535	65535	65535	item_fastermovevelocity
97	194	0	0	0	0	0	0	0	0	0	0	0	17	0	0	0	404	65535	65535	65535	65535	65535	65535	195	0	0	0	0	0	0	0	0	0	0	0	1	0	0	0	118	65535	65535	65535	65535	65535	65535	item_nonclassskill
98	196	0	0	0	0	0	0	0	0	0	0	0	11	0	0	0	199	65535	65535	65535	65535	65535	65535	197	0	0	0	0	0	0	0	0	0	0	0	769	0	0	0	333	336	65535	65535	65535	65535	65535	state
99	198	0	0	0	0	0	0	0	0	0	0	0	17	0	0	0	505	65535	65535	65535	65535	65535	65535	199	0	0	0	0	0	0	0	0	0	0	0	17	0	0	0	442	65535	65535	65535	65535	65535	65535	item_fastergethitrate
100	200	0	0	0	0	0	0	0	0	0	0	0	1	0	0	0	46	65535	65535	65535	65535	65535	65535	201	0	0	0	0	0	0	0	0	0	0	0	11	0	0	0	284	65535	65535	65535	65535	65535	65535	
101	202	0	0	0	0	0	0	0	0	0	0	0	1	0	0	0	19	65535	65535	65535	65535	65535	65535	203	0	0	0	0	0	0	0	0	0	0	0	1	0	0	0	474	65535	65535	65535	65535	65535	65535	skill_poison_override_length
102	204	0	0	0	0	0	0	0	0	0	0	0	1	0	0	0	473	65535	65535	65535	65535	65535	65535	205	0	0	0	0	0	0	0	0	0	0	0	1	0	0	0	418	65535	65535	65535	65535	65535	65535	item_fasterblockrate
103	206	0	0	0	0	0	0	0	0	0	0	0	1	0	0	0	33	65535	65535	65535	65535	65535	65535	207	0	0	0	0	0	0	0	0	0	0	0	1	0	0	0	114	65535	65535	65535	65535	65535	65535	skill_bypass_undead
104	208	0	0	0	0	0	0	0	0	0	0	0	1	0	0	0	11	65535	65535	65535	65535	65535	65535	209	0	0	0	0	0	0	0	0	0	0	0	1	0	0	0	439	65535	65535	65535	65535	65535	65535	skill_bypass_demons
105	210	0	0	0	0	0	0	0	0	0	0	0	1	0	0	0	445	65535	65535	65535	65535	65535	65535	211	0	0	0	0	0	0	0	0	0	0	0	1	0	0	0	59	65535	65535	65535	65535	65535	65535	item_fastercastrate
106	212	0	0	0	0	0	0	0	0	0	0	0	769	0	0	0	333	335	65535	65535	65535	65535	65535	213	0	0	0	0	0	0	0	0	0	0	0	1	0	0	0	279	65535	65535	65535	65535	65535	65535	skill_bypass_beasts
107	214	0	0	0	0	0	0	0	0	0	0	0	1	0	0	0	58	65535	65535	65535	65535	65535	65535	215	0	0	0	0	0	0	0	0	0	0	0	1	0	0	0	57	65535	65535	65535	65535	65535	65535	item_singleskill
108	216	0	0	0	0	0	0	0	0	0	0	0	1	0	0	0	108	65535	65535	65535	65535	65535	65535	217	0	0	0	0	0	0	0	0	0	0	0	769	0	0	0	0	2	65535	65535	65535	65535	65535	item_restinpeace
109	218	0	0	0	0	0	0	0	0	0	0	0	17	0	0	0	214	65535	65535	65535	65535	65535	65535	219	0	0	0	0	0	0	0	0	0	0	0	23	0	0	0	65535	65535	65535	65535	65535	65535	65535	curse_resistance
110	220	0	0	0	0	0	0	0	0	0	0	0	769	3	0	0	329	330	331	65535	65535	65535	65535	221	0	0	0	0	0	0	0	0	0	0	0	1	0	0	0	440	65535	65535	65535	65535	65535	65535	item_poisonlengthresist
111	222	0	0	0	0	0	0	0	0	0	0	0	1	0	0	0	381	65535	65535	65535	65535	65535	65535	223	0	0	0	0	0	0	0	0	0	0	0	769	0	0	0	329	331	65535	65535	65535	65535	65535	item_normaldamage
112	224	0	0	0	0	0	0	0	0	0	0	0	1	0	0	0	182	65535	65535	65535	65535	65535	65535	225	0	0	0	0	0	0	0	0	0	0	0	17	0	0	0	215	65535	65535	65535	65535	65535	65535	item_howl
113	226	1	0	0	0	0	0	0	0	0	0	0	1	0	0	0	90	65535	65535	65535	65535	65535	65535	227	0	0	0	0	0	0	0	0	0	0	0	17	0	0	0	406	65535	65535	65535	65535	65535	65535	item_stupidity
114	228	0	0	0	0	0	0	0	0	0	0	0	1	0	0	0	368	65535	65535	65535	65535	65535	65535	229	0	0	0	0	0	0	0	0	0	0	0	1	0	0	0	156	65535	65535	65535	65535	65535	65535	item_damagetomana
115	230	0	0	0	0	0	0	0	0	0	0	0	1	0	0	0	446	65535	65535	65535	65535	65535	65535	231	0	0	0	0	0	0	0	0	0	0	0	24	0	0	0	393	65535	65535	65535	65535	65535	65535	item_ignoretargetac
116	232	0	0	0	0	0	0	0	0	0	0	0	24	0	0	0	309	65535	65535	65535	65535	65535	65535	233	0	0	0	0	0	0	0	0	0	0	0	1	0	0	0	367	65535	65535	65535	65535	65535	65535	item_fractionaltargetac
117	234	0	0	0	0	0	0	0	0	0	0	0	769	3	0	0	329	331	332	65535	65535	65535	65535	235	0	0	0	0	0	0	0	0	0	0	0	17	0	0	0	405	65535	65535	65535	65535	65535	65535	item_preventheal
118	236	0	0	0	0	0	0	0	0	0	0	0	1	0	0	0	276	65535	65535	65535	65535	65535	65535	237	0	0	0	0	0	0	0	0	0	0	0	769	3	0	0	333	335	336	65535	65535	65535	65535	item_halffreezeduration
119	238	0	0	0	0	0	0	0	0	0	0	0	769	0	0	0	468	462	65535	65535	65535	65535	65535	239	0	0	0	0	0	0	0	0	0	0	0	769	0	0	0	99	105	65535	65535	65535	65535	65535	item_tohit_percent
120	240	0	0	0	0	0	0	0	0	0	0	0	17	0	0	0	247	65535	65535	65535	65535	65535	65535	241	0	0	0	0	0	0	0	0	0	0	0	24	0	0	0	180	65535	65535	65535	65535	65535	65535	item_damagetargetac
121	242	0	0	0	0	0	0	0	0	0	0	0	17	0	0	0	216	65535	65535	65535	65535	65535	65535	243	0	0	0	0	0	0	0	0	0	0	0	11	0	0	0	266	65535	65535	65535	65535	65535	65535	item_demondamage_percent
122	244	0	0	0	0	0	0	0	0	0	0	0	1	0	0	0	481	65535	65535	65535	65535	65535	65535	245	0	0	0	0	0	0	0	0	0	0	0	1	0	0	0	366	65535	65535	65535	65535	65535	65535	item_undeaddamage_percent
123	246	0	0	0	0	0	0	0	0	0	0	0	1	0	0	0	78	65535	65535	65535	65535	65535	65535	247	0	0	0	0	0	0	0	0	0	0	0	769	3	0	0	0	2	3	65535	65535	65535	65535	item_demon_tohit
124	248	0	0	0	0	0	0	0	0	0	0	0	769	3	0	0	0	1	3	65535	65535	65535	65535	249	0	0	0	0	0	0	0	0	0	0	0	17	0	0	0	203	65535	65535	65535	65535	65535	65535	item_undead_tohit
125	250	0	0	0	0	0	0	0	0	0	0	0	4111	0	0	0	444	470	65535	65535	65535	65535	65535	251	0	0	0	0	0	0	0	0	0	0	0	769	0	0	0	7	9	65535	65535	65535	65535	65535	item_throwable
126	252	0	0	0	0	0	0	0	0	0	0	0	1	0	0	0	53	65535	65535	65535	65535	65535	65535	253	0	0	0	0	0	0	0	0	0	0	0	1	0	0	0	52	65535	65535	65535	65535	65535	65535	item_elemskill
127	254	0	0	0	0	0	0	0	0	0	0	0	769	0	0	0	39	45	65535	65535	65535	65535	65535	255	0	0	0	0	0	0	0	0	0	0	0	769	0	0	0	0	1	65535	65535	65535	65535	65535	item_allskills
128	256	0	0	0	0	0	0	0	0	0	0	0	17	0	0	0	499	65535	65535	65535	65535	65535	65535	257	0	0	0	0	0	0	0	0	0	0	0	1	0	0	0	365	65535	65535	65535	65535	65535	65535	item_attackertakeslightdamage
129	258	0	0	0	0	0	0	0	0	0	0	0	769	771	0	0	335	336	331	332	65535	65535	65535	259	0	0	0	0	0	0	0	0	0	0	0	769	3	0	0	359	361	362	65535	65535	65535	65535	
130	260	0	0	0	0	0	0	0	0	0	0	0	1	0	0	0	463	65535	65535	65535	65535	65535	65535	261	0	0	0	0	0	0	0	0	0	0	0	769	771	771	0	0	2	3	359	360	362	65535	
131	262	0	0	0	0	0	0	0	0	0	0	0	769	0	0	0	1	2	65535	65535	65535	65535	65535	263	0	0	0	0	0	0	0	0	0	0	0	769	3	0	0	444	359	361	65535	65535	65535	65535	thorns_percent
132	264	0	0	0	0	0	0	0	0	0	0	0	1	0	0	0	128	65535	65535	65535	65535	65535	65535	265	0	0	0	0	0	0	0	0	0	0	0	17	0	0	0	217	65535	65535	65535	65535	65535	65535	
133	266	0	0	0	0	0	0	0	0	0	0	0	769	3	0	0	39	41	43	65535	65535	65535	65535	267	0	0	0	0	0	0	0	0	0	0	0	769	3	0	0	39	41	43	65535	65535	65535	65535	
134	268	0	0	0	0	0	0	0	0	0	0	0	1	0	0	0	288	65535	65535	65535	65535	65535	65535	269	0	0	0	0	0	0	0	0	0	0	0	769	0	0	0	0	86	65535	65535	65535	65535	65535	item_freeze
135	270	0	0	0	0	0	0	0	0	0	0	0	769	0	0	0	0	3	65535	65535	65535	65535	65535	271	0	0	0	0	0	0	0	0	0	0	0	769	3	0	0	368	367	128	65535	65535	65535	65535	item_openwounds
136	272	0	0	0	0	0	0	0	0	0	0	0	769	0	0	0	136	362	65535	65535	65535	65535	65535	273	0	0	0	0	0	0	0	0	0	0	0	769	4355	0	0	49	51	55	56	65535	65535	65535	item_crushingblow
137	274	0	0	0	0	0	0	0	0	0	0	0	769	0	0	0	331	332	65535	65535	65535	65535	65535	275	0	0	0	0	0	0	0	0	0	0	0	769	3	0	0	329	331	357	65535	65535	65535	65535	item_kickdamage
138	276	0	0	0	0	0	0	0	0	0	0	0	769	0	0	0	329	357	65535	65535	65535	65535	65535	277	0	0	0	0	0	0	0	0	0	0	0	769	771	3	0	333	335	329	331	485	65535	65535	item_manaafterkill
139	278	0	0	0	0	0	0	0	0	0	0	0	17	0	0	0	407	65535	65535	65535	65535	65535	65535	279	0	0	0	0	0	0	0	0	0	0	0	1	0	0	0	414	65535	65535	65535	65535	65535	65535	item_healafterdemonkill
140	280	0	0	0	0	0	0	0	0	0	0	0	769	0	0	0	60	62	65535	65535	65535	65535	65535	281	0	0	0	0	0	0	0	0	0	0	0	769	771	771	3	93	122	39	41	43	0	2	item_extrablood
141	282	0	0	0	0	0	0	0	0	0	0	0	17	0	0	0	240	65535	65535	65535	65535	65535	65535	283	0	0	0	0	0	0	0	0	0	0	0	769	3	0	0	333	334	336	65535	65535	65535	65535	item_deadlystrike
142	284	0	0	0	0	0	0	0	0	0	0	0	769	0	0	0	334	336	65535	65535	65535	65535	65535	285	0	0	0	0	0	0	0	0	0	0	0	769	771	3	0	487	39	41	43	45	65535	65535	item_absorbfire_percent
143	286	0	0	0	0	0	0	0	0	0	0	0	769	0	0	0	39	41	65535	65535	65535	65535	65535	287	0	0	0	0	0	0	0	0	0	0	0	1	0	0	0	154	65535	65535	65535	65535	65535	65535	item_absorbfire
144	288	0	0	0	0	0	0	0	0	0	0	0	1	0	0	0	64	65535	65535	65535	65535	65535	65535	289	0	0	0	0	0	0	0	0	0	0	0	769	3	0	0	0	3	74	65535	65535	65535	65535	item_absorblight_percent
145	290	0	0	0	0	0	0	0	0	0	0	0	769	0	0	0	93	99	65535	65535	65535	65535	65535	291	0	0	0	0	0	0	0	0	0	0	0	1	0	0	0	143	145	147	149	65535	65535	65535	item_absorblight
146	292	0	0	0	0	0	0	0	0	0	0	0	1	0	0	0	257	65535	65535	65535	65535	65535	65535	293	0	0	0	0	0	0	0	0	0	0	0	1	0	0	0	469	65535	65535	65535	65535	65535	65535	item_absorbmagic_percent
147	294	0	0	0	0	0	0	0	0	0	0	0	1	0	0	0	452	65535	65535	65535	65535	65535	65535	295	0	0	0	0	0	0	0	0	0	0	0	1	0	0	0	453	65535	65535	65535	65535	65535	65535	item_absorbmagic
148	296	0	0	0	0	0	0	0	0	0	0	0	1	0	0	0	454	65535	65535	65535	65535	65535	65535	297	0	0	0	0	0	0	0	0	0	0	0	1	0	0	0	455	65535	65535	65535	65535	65535	65535	item_absorbcold_percent
149	298	0	0	0	0	0	0	0	0	0	0	0	1	0	0	0	490	65535	65535	65535	65535	65535	65535	299	0	0	0	0	0	0	0	0	0	0	0	1	0	0	0	491	65535	65535	65535	65535	65535	65535	item_absorbcold
150	300	0	0	0	0	0	0	0	0	0	0	0	1	0	0	0	492	65535	65535	65535	65535	65535	65535	301	0	0	0	0	0	0	0	0	0	0	0	1	0	0	0	493	65535	65535	65535	65535	65535	65535	item_slow
151	302	0	0	0	0	0	0	0	0	0	0	0	1	0	0	0	494	65535	65535	65535	65535	65535	65535	303	0	0	0	0	0	0	0	0	0	0	0	769	0	0	0	452	453	65535	65535	65535	65535	65535	item_aura
152	304	0	0	0	0	0	0	0	0	0	0	0	769	3	0	0	452	453	454	65535	65535	65535	65535	305	0	0	0	0	0	0	0	0	0	0	0	769	771	0	0	452	453	454	455	65535	65535	65535	item_indesctructible
153	306	0	0	0	0	0	0	0	0	0	0	0	769	771	3	0	452	453	454	455	490	65535	65535	307	0	0	0	0	0	0	0	0	0	0	0	769	771	771	0	452	453	454	455	490	491	65535	item_cannotbefrozen
154	308	0	0	0	0	0	0	0	0	0	0	0	769	771	771	3	452	453	454	455	490	491	492	309	0	0	0	0	0	0	0	0	0	0	0	1	0	0	0	259	65535	65535	65535	65535	65535	65535	item_staminadrainpct
155	310	0	0	0	0	0	0	0	0	0	0	0	1	0	0	0	504	65535	65535	65535	65535	65535	65535	311	0	0	0	0	0	0	0	0	0	0	0	1	0	0	0	464	65535	65535	65535	65535	65535	65535	item_reanimate
156	312	0	0	0	0	0	0	0	0	0	0	0	1	0	0	0	509	65535	65535	65535	65535	65535	65535	313	0	0	0	0	0	0	0	0	0	0	0	1	0	0	0	373	65535	65535	65535	65535	65535	65535	item_pierce
157	314	0	0	0	0	0	0	0	0	0	0	0	1	0	0	0	395	65535	65535	65535	65535	65535	65535	315	0	0	0	0	0	0	0	0	0	0	0	4111	4112	17	0	25	142	144	148	96	65535	65535	item_magicarrow
158	316	0	0	0	0	0	0	0	0	0	0	0	4111	4112	4368	0	189	333	334	335	336	109	65535	317	0	0	0	0	0	0	0	0	0	0	0	24	0	0	0	396	65535	65535	65535	65535	65535	65535	item_explosivearrow
159	318	0	0	0	0	0	0	0	0	0	0	0	24	0	0	0	397	65535	65535	65535	65535	65535	65535	319	0	0	0	0	0	0	0	0	0	0	0	24	0	0	0	449	65535	65535	65535	65535	65535	65535	item_throw_mindamage
160	320	0	0	0	0	0	0	0	0	0	0	0	769	771	3	0	142	144	148	146	110	65535	65535	321	0	0	0	0	0	0	0	0	0	0	0	1	0	0	0	265	65535	65535	65535	65535	65535	65535	item_throw_maxdamage
161	322	0	0	0	0	0	0	0	0	0	0	0	769	0	0	0	329	332	65535	65535	65535	65535	65535	323	0	0	0	0	0	0	0	0	0	0	0	1	0	0	0	450	65535	65535	65535	65535	65535	65535	skill_handofathena
162	324	0	0	0	0	0	0	0	0	0	0	0	1	0	0	0	183	65535	65535	65535	65535	65535	65535	325	0	0	0	0	0	0	0	0	0	0	0	11	0	0	0	271	65535	65535	65535	65535	65535	65535	
163	326	0	0	0	0	0	0	0	0	0	0	0	3855	4112	4368	0	93	96	142	144	148	110	65535	327	0	0	0	0	0	0	0	0	0	0	0	769	0	0	0	210	295	65535	65535	65535	65535	65535	
164	328	0	0	0	0	0	0	0	0	0	0	0	769	0	0	0	86	138	65535	65535	65535	65535	65535	329	0	0	0	0	0	0	0	0	0	0	0	1	0	0	0	447	65535	65535	65535	65535	65535	65535	skill_concentration
165	330	0	0	0	0	0	0	0	0	0	0	0	17	0	0	0	225	65535	65535	65535	65535	65535	65535	331	0	0	0	0	0	0	0	0	0	0	0	1	0	0	0	280	65535	65535	65535	65535	65535	65535	
166	332	0	0	0	0	0	0	0	0	0	0	0	1	0	0	0	294	65535	65535	65535	65535	65535	65535	333	0	0	0	0	0	0	0	0	0	0	0	4111	4112	17	0	86	142	144	148	109	65535	65535	
167	334	0	0	0	0	0	0	0	0	0	0	0	3855	4368	4369	0	189	93	333	338	339	340	65535	335	0	0	0	0	0	0	0	0	0	0	0	1	0	0	0	484	65535	65535	65535	65535	65535	65535	
168	336	0	0	0	0	0	0	0	0	0	0	0	4111	17	0	0	50	51	395	65535	65535	65535	65535	337	0	0	0	0	0	0	0	0	0	0	0	17	0	0	0	300	65535	65535	65535	65535	65535	65535	
169	338	0	0	0	0	0	0	0	0	0	0	0	4111	4369	0	0	54	55	395	242	65535	65535	65535	339	0	0	0	0	0	0	0	0	0	0	0	4111	17	0	0	50	51	395	65535	65535	65535	65535	
170	340	0	0	0	0	0	0	0	0	0	0	0	4111	17	0	0	109	86	189	65535	65535	65535	65535	341	0	0	0	0	0	0	0	0	0	0	0	27	0	0	0	415	65535	65535	65535	65535	65535	65535	
171	342	0	0	0	0	0	0	0	0	0	0	0	1	0	0	0	390	65535	65535	65535	65535	65535	65535	343	0	0	0	0	0	0	0	0	0	0	0	1	0	0	0	448	65535	65535	65535	65535	65535	65535	skill_armor_percent
172	344	0	0	0	0	0	0	0	0	0	0	0	11	0	0	0	510	65535	65535	65535	65535	65535	65535	345	0	0	0	0	0	0	0	0	0	0	0	1	0	0	0	289	65535	65535	65535	65535	65535	65535	
173	346	0	0	0	0	0	0	0	0	0	0	0	24	0	0	0	382	65535	65535	65535	65535	65535	65535	347	0	0	0	0	0	0	0	0	0	0	0	1	0	0	0	251	65535	65535	65535	65535	65535	65535	
174	348	0	0	0	0	0	0	0	0	0	0	0	4111	17	0	0	48	49	395	65535	65535	65535	65535	349	0	0	0	0	0	0	0	0	0	0	0	4111	17	0	0	50	51	395	65535	65535	65535	65535	
175	350	0	0	0	0	0	0	0	0	0	0	0	4111	4369	0	0	54	55	395	242	65535	65535	65535	351	0	0	0	0	0	0	0	0	0	0	0	4111	4111	4111	17	48	49	50	51	54	55	395	
176	352	0	0	0	0	0	0	0	0	0	0	0	1	0	0	0	205	65535	65535	65535	65535	65535	65535	353	0	0	0	0	0	0	0	0	0	0	0	1	0	0	0	213	65535	65535	65535	65535	65535	65535	
177	354	0	0	0	0	0	0	0	0	0	0	0	4111	17	0	0	50	51	395	65535	65535	65535	65535	355	0	0	0	0	0	0	0	0	0	0	0	4111	0	0	0	330	189	65535	65535	65535	65535	65535	
178	356	0	0	0	0	0	0	0	0	0	0	0	3855	3855	16	0	329	330	357	331	189	65535	65535	357	0	0	0	0	0	0	0	0	0	0	0	1	0	0	0	314	65535	65535	65535	65535	65535	65535	
179	358	0	0	0	0	0	0	0	0	0	0	0	3862	16	0	0	151	189	93	65535	65535	65535	65535	359	0	0	0	0	0	0	0	0	0	0	0	7435	0	0	0	271	383	65535	65535	65535	65535	65535	attack_vs_montype
180	360	0	0	0	0	0	0	0	0	0	0	0	24	0	0	0	383	65535	65535	65535	65535	65535	65535	361	0	0	0	0	0	0	0	0	0	0	0	7435	0	0	0	271	383	65535	65535	65535	65535	65535	damage_vs_montype
181	362	0	0	0	0	0	0	0	0	0	0	0	24	0	0	0	383	65535	65535	65535	65535	65535	65535	363	0	0	0	0	0	0	0	0	0	0	0	1	0	0	0	241	65535	65535	65535	65535	65535	65535	fade
182	364	0	0	0	0	0	0	0	0	0	0	0	1	0	0	0	467	65535	65535	65535	65535	65535	65535	365	0	0	0	0	0	0	0	0	0	0	0	4111	4368	4369	0	189	93	96	338	339	340	65535	armor_override_percent
183	366	0	0	0	0	0	0	0	0	0	0	0	11	0	0	0	192	65535	65535	65535	65535	65535	65535	367	0	0	0	0	0	0	0	0	0	0	0	4111	4369	17	0	189	93	338	339	340	65535	65535	item_dyes_color
184	368	0	0	0	0	0	0	0	0	0	0	0	1	0	0	0	310	65535	65535	65535	65535	65535	65535	369	0	0	0	0	0	0	0	0	0	0	0	4111	17	0	0	329	331	330	65535	65535	65535	65535	melee_divisor
185	370	0	0	0	0	0	0	0	0	0	0	0	4111	0	0	0	357	332	65535	65535	65535	65535	65535	371	0	0	0	0	0	0	0	0	0	0	0	3855	4368	0	0	99	93	96	136	65535	65535	65535	potion_stat_cap
186	372	0	0	0	0	0	0	0	0	0	0	0	17	0	0	0	422	65535	65535	65535	65535	65535	65535	373	0	0	0	0	0	0	0	0	0	0	0	11	0	0	0	206	65535	65535	65535	65535	65535	65535	potion_skill_cap
187	374	0	0	0	0	0	0	0	0	0	0	0	1	0	0	0	425	65535	65535	65535	65535	65535	65535	375	0	0	0	0	0	0	0	0	0	0	0	6168	0	0	0	97	383	65535	65535	65535	65535	65535	stance_ID
188	376	0	0	0	0	0	0	0	0	0	0	0	6168	0	0	0	151	383	65535	65535	65535	65535	65535	377	0	0	0	0	0	0	0	0	0	0	0	1	0	0	0	410	65535	65535	65535	65535	65535	65535	item_addskill_tab
189	378	0	0	0	0	0	0	0	0	0	0	0	1	0	0	0	411	65535	65535	65535	65535	65535	65535	379	0	0	0	0	0	0	0	0	0	0	0	4111	16	0	0	56	411	460	65535	65535	65535	65535	damage_divisor
190	380	0	0	0	0	0	0	0	0	0	0	0	4111	0	0	0	410	452	65535	65535	65535	65535	65535	381	0	0	0	0	0	0	0	0	0	0	0	4111	0	0	0	410	453	65535	65535	65535	65535	65535	
191	382	0	0	0	0	0	0	0	0	0	0	0	4111	0	0	0	411	454	65535	65535	65535	65535	65535	383	0	0	0	0	0	0	0	0	0	0	0	4111	0	0	0	411	455	65535	65535	65535	65535	65535	frenzy
192	384	0	0	0	0	0	0	0	0	0	0	0	4111	0	0	0	411	458	65535	65535	65535	65535	65535	385	0	0	0	0	0	0	0	0	0	0	0	4111	0	0	0	411	459	65535	65535	65535	65535	65535	item_skillonpkill
193	386	0	0	0	0	0	0	0	0	0	0	0	4111	0	0	0	411	460	65535	65535	65535	65535	65535	387	0	0	0	0	0	0	0	0	0	0	0	1	0	0	0	458	65535	65535	65535	65535	65535	65535	Celestial_rage
194	388	0	0	0	0	0	0	0	0	0	0	0	1	0	0	0	459	65535	65535	65535	65535	65535	65535	389	0	0	0	0	0	0	0	0	0	0	0	1	0	0	0	460	65535	65535	65535	65535	65535	65535	item_numsockets
195	390	0	0	0	0	0	0	0	0	0	0	0	4111	0	0	0	410	490	65535	65535	65535	65535	65535	391	0	0	0	0	0	0	0	0	0	0	0	4111	0	0	0	411	491	65535	65535	65535	65535	65535	item_skillonattack
196	392	0	0	0	0	0	0	0	0	0	0	0	4111	0	0	0	411	492	65535	65535	65535	65535	65535	393	0	0	0	0	0	0	0	0	0	0	0	4366	0	0	0	194	395	65535	65535	65535	65535	65535	item_skillonkill
197	394	0	0	0	0	0	0	0	0	0	0	0	1	0	0	0	227	65535	65535	65535	65535	65535	65535	395	0	0	0	0	0	0	0	0	0	0	0	4111	17	0	0	189	93	96	65535	65535	65535	65535	item_skillondeath
198	396	0	0	0	0	0	0	0	0	0	0	0	4111	4112	0	0	189	142	144	148	65535	65535	65535	397	0	0	0	0	0	0	0	0	0	0	0	1	0	0	0	358	65535	65535	65535	65535	65535	65535	item_skillonhit
199	398	0	0	0	0	0	0	0	0	0	0	0	1	0	0	0	427	65535	65535	65535	65535	65535	65535	399	0	0	0	0	0	0	0	0	0	0	0	4111	0	0	0	259	503	65535	65535	65535	65535	65535	item_skillonlevelup
200	400	0	0	0	0	0	0	0	0	0	0	0	1	0	0	0	428	65535	65535	65535	65535	65535	65535	401	0	0	0	0	0	0	0	0	0	0	0	1	0	0	0	429	65535	65535	65535	65535	65535	65535	item_megaimpact
201	402	0	0	0	0	0	0	0	0	0	0	0	257	1	0	0	443	497	241	65535	65535	65535	65535	403	0	0	0	0	0	0	0	0	0	0	0	1	0	0	0	290	65535	65535	65535	65535	65535	65535	item_skillongethit
202	404	0	0	0	0	0	0	0	0	0	0	0	6168	0	0	0	97	393	65535	65535	65535	65535	65535	405	0	0	0	0	0	0	0	0	0	0	0	6168	0	0	0	97	396	65535	65535	65535	65535	65535	Trophy_Challenge
203	406	0	0	0	0	0	0	0	0	0	0	0	6168	0	0	0	97	397	65535	65535	65535	65535	65535	407	0	0	0	0	0	0	0	0	0	0	0	24	0	0	0	399	65535	65535	65535	65535	65535	65535	item_totaldamage_perlevel
204	408	0	0	0	0	0	0	0	0	0	0	0	24	0	0	0	400	65535	65535	65535	65535	65535	65535	409	0	0	0	0	0	0	0	0	0	0	0	6168	0	0	0	151	393	65535	65535	65535	65535	65535	item_charged_skill
205	410	1	0	0	0	0	0	0	0	0	0	0	1	0	0	0	498	65535	65535	65535	65535	65535	65535	411	0	0	0	0	0	0	0	0	0	0	0	4111	0	0	0	189	265	65535	65535	65535	65535	65535	avoidcap
206	412	256	0	0	0	0	0	0	0	0	0	0	257	0	0	0	497	241	65535	65535	65535	65535	65535	413	1	0	0	0	0	0	0	0	0	0	0	1	0	0	0	496	65535	65535	65535	65535	65535	65535	innate-xbow-proc
207	414	0	0	0	0	0	0	0	0	0	0	0	769	0	0	0	99	102	65535	65535	65535	65535	65535	415	0	0	0	0	0	0	0	0	0	0	0	1	0	0	0	234	65535	65535	65535	65535	65535	65535	
208	416	0	0	0	0	0	0	0	0	0	0	0	1	0	0	0	391	65535	65535	65535	65535	65535	65535	417	0	0	0	0	0	0	0	0	0	0	0	3855	4112	4368	0	93	96	142	144	148	189	65535	item_healonstriking
