{
    "display_arealvl": 1,
    "display_automap_party": 1,
    "display_colorblind_mode": 0,
    "display_dungeon_timer": 1,
    "display_gamename": 1,
    "display_gamepassword": 1,
    "display_gameping": 0,
    "display_gametime": 0,
    "display_gfx_devtools": 0,
    "display_gui_theme": -1,
    "display_hpvalue": 1,
    "display_ilvl": 1,
    "display_manavalue": 1,
    "display_no_loot_filter_in_town": 0,
    "display_notif_textonly": 0,
    "display_show_loot_toggle": 1,
    "hotkey_always_run": -1,
    "hotkey_automap": 9,
    "hotkey_automap_fade": -1,
    "hotkey_belt1": 49,
    "hotkey_belt2": 50,
    "hotkey_belt3": 51,
    "hotkey_belt4": 52,
    "hotkey_chat": 13,
    "hotkey_clear": 32,
    "hotkey_clearmsg": 78,
    "hotkey_default_lf": -1,
    "hotkey_esc_menu": 27,
    "hotkey_favorite_lf": -1,
    "hotkey_inv": 73,
    "hotkey_merc": 79,
    "hotkey_minmap_pos": -1,
    "hotkey_msglog": 77,
    "hotkey_nopickup": 88,
    "hotkey_party": 80,
    "hotkey_quests": 81,
    "hotkey_quickcast1": 4,
    "hotkey_quickcast2": 5,
    "hotkey_quickcast3": 6,
    "hotkey_quickcast4": -1,
    "hotkey_revealmap": 82,
    "hotkey_run": 17,
    "hotkey_screenshot": 44,
    "hotkey_showbelt": 192,
    "hotkey_showitems": 18,
    "hotkey_showportrait": 90,
    "hotkey_skill1": 112,
    "hotkey_skill10": 121,
    "hotkey_skill11": 122,
    "hotkey_skill12": 123,
    "hotkey_skill2": 113,
    "hotkey_skill3": 114,
    "hotkey_skill4": 115,
    "hotkey_skill5": 116,
    "hotkey_skill6": 117,
    "hotkey_skill7": 118,
    "hotkey_skill8": 119,
    "hotkey_skill9": 120,
    "hotkey_skillnext": 15,
    "hotkey_skillprev": 14,
    "hotkey_skillselect": 83,
    "hotkey_skilltree": 84,
    "hotkey_speech_1": -1,
    "hotkey_speech_2": -1,
    "hotkey_speech_3": -1,
    "hotkey_speech_4": -1,
    "hotkey_speech_5": -1,
    "hotkey_speech_6": -1,
    "hotkey_speech_7": -1,
    "hotkey_speech_8": -1,
    "hotkey_standstill": 16,
    "hotkey_statscreen": 65,
    "hotkey_swapweap": 87,
    "hotkey_toggle_minimap": -1,
    "hotkey_transmute": 67,
    "legacy_automap_left": 1,
    "legacy_automap_party": 1,
    "legacy_automap_party_names": 1,
    "legacy_automapfade": 0,
    "legacy_automapmode": 0,
    "legacy_blended_shadows": 1,
    "legacy_contrast": 50,
    "legacy_gamma": 195,
    "legacy_light_quality": 2,
    "legacy_master_volume": 100,
    "legacy_mini_panel": 1,
    "legacy_music_volume": 50,
    "legacy_npc_speech": 2,
    "legacy_options_music": 1,
    "legacy_perspective": 0,
    "notif_buffs": 1,
    "notif_gold": 1,
    "notif_levelup": 1,
    "notif_newskill": 1,
    "notif_newstat": 1,
    "notif_realmwhispers": 1
}
